{
  "name": "Custom Table",
  "description": "",
  "author": "",
  "library": "test_widget_library",
  "meta": {
    "type": "other"
  },
  "properties": {
    "sections": [
      {
        "type": "header",
        "order": 1,
        "parent": "qw-pe-dropzone2-1",
        "ref": "header4",
        "label": "Table Title"
      },
      {
        "type": "header",
        "order": 1,
        "parent": "qw-pe-dropzone2-1",
        "ref": "header5",
        "label": "Table Header"
      },
      {
        "type": "header",
        "order": 2,
        "parent": "qw-pe-dropzone2-2",
        "ref": "header6",
        "label": "Table Rows"
      },
      {
        "type": "header",
        "order": 3,
        "parent": "qw-pe-dropzone2-3",
        "ref": "header7",
        "label": "General Table Settings"
      }
    ],
    "settings": [
      {
        "type": "string",
        "expression": "optional",
        "defaultValue": "Title Goes Here",
        "order": 0,
        "parent": "header4",
        "ref": "MyTitle",
        "label": "Table Header"
      },
      {
        "type": "string",
        "expression": "optional",
        "defaultValue": "",
        "order": 1,
        "parent": "header4",
        "ref": "title_color",
        "label": "Title Colour"
      },
      {
        "type": "string",
        "expression": "optional",
        "defaultValue": "",
        "order": 2,
        "parent": "header4",
        "ref": "title_background",
        "label": "Title Background"
      },
      {
        "type": "string",
        "expression": "optional",
        "defaultValue": "12px",
        "order": 0,
        "parent": "header5",
        "ref": "header_font_size",
        "label": "Font Size"
      },
      {
        "type": "string",
        "expression": "optional",
        "defaultValue": "#000",
        "order": 1,
        "parent": "header5",
        "ref": "header_font_colour",
        "label": "Font Colour"
      },
      {
        "type": "string",
        "expression": "optional",
        "defaultValue": "",
        "order": 3,
        "parent": "header5",
        "ref": "header_bck_colour",
        "label": "Background Colour"
      },
      {
        "type": "string",
        "expression": "optional",
        "defaultValue": "12px",
        "order": 0,
        "parent": "header6",
        "ref": "rows_font_size",
        "label": "Font Size"
      },
      {
        "type": "string",
        "expression": "optional",
        "defaultValue": "#fff",
        "order": 3,
        "parent": "header6",
        "ref": "rows_bck_colour",
        "label": "Background Colour"
      },
      {
        "type": "string",
        "expression": "optional",
        "defaultValue": "#000",
        "order": 1,
        "parent": "header6",
        "ref": "rows_font_colour",
        "label": "Font Colour"
      },
      {
        "component": "dropdown",
        "type": "string",
        "defaultValue": "Times New Roman",
        "options": [
          {
            "label": "Calibri",
            "value": "calibri"
          },
          {
            "label": "Comic Sans MS",
            "value": "Comic Sans MS"
          },
          {
            "label": "Arial",
            "value": "Arial"
          },
          {
            "label": "Calibri",
            "value": "Calibri"
          },
          {
            "label": "Comic Sans MS",
            "value": "Comic Sans MS"
          },
          {
            "label": "Courier",
            "value": "Courier"
          },
          {
            "label": "Cursive",
            "value": "Cursive"
          },
          {
            "label": "Decorative",
            "value": "Decorative"
          },
          {
            "label": "Georgia",
            "value": "Georgia"
          },
          {
            "label": "Helvetica",
            "value": "Helvetica"
          },
          {
            "label": "Sans-serif",
            "value": "Sans-serif"
          },
          {
            "label": "Serif",
            "value": "Serif"
          },
          {
            "label": "Times New Roman",
            "value": "Times New Roman"
          },
          {
            "label": "Verdana",
            "value": "Verdana"
          },
          {
            "label": "Tahoma",
            "value": "Tahoma"
          },
          {
            "label": "Lucida Console",
            "value": "Lucida Console"
          }
        ],
        "order": 2,
        "parent": "header5",
        "ref": "header_font_family",
        "label": "Font Family"
      },
      {
        "component": "dropdown",
        "type": "string",
        "defaultValue": "Times New Roman",
        "options": [
          {
            "label": "Calibri",
            "value": "calibri"
          },
          {
            "label": "Comic Sans MS",
            "value": "Comic Sans MS"
          },
          {
            "label": "Arial",
            "value": "Arial"
          },
          {
            "label": "Calibri",
            "value": "Calibri"
          },
          {
            "label": "Comic Sans MS",
            "value": "Comic Sans MS"
          },
          {
            "label": "Courier",
            "value": "Courier"
          },
          {
            "label": "Cursive",
            "value": "Cursive"
          },
          {
            "label": "Decorative",
            "value": "Decorative"
          },
          {
            "label": "Georgia",
            "value": "Georgia"
          },
          {
            "label": "Verdana",
            "value": "Verdana"
          },
          {
            "label": "Tahoma",
            "value": "Tahoma"
          },
          {
            "label": "Lucida Console",
            "value": "Lucida Console"
          },
          {
            "label": "Sans-serif",
            "value": "Sans-serif"
          },
          {
            "label": "Serif",
            "value": "Serif"
          },
          {
            "label": "Times New Roman",
            "value": "Times New Roman"
          }
        ],
        "order": 2,
        "parent": "header6",
        "ref": "rows_font_family",
        "label": "Font Family"
      },
      {
        "type": "boolean",
        "expression": "optional",
        "defaultValue": true,
        "order": 0,
        "parent": "header7",
        "ref": "showTotals",
        "label": "Show Totals"
      },
      {
        "component": "dropdown",
        "type": "string",
        "defaultValue": "top",
        "options": [
          {
            "label": "Top",
            "value": "top"
          },
          {
            "label": "Bottom",
            "value": "bottom"
          }
        ],
        "order": 1,
        "parent": "header7",
        "ref": "totalsPosition",
        "label": "Totals Position"
      },
      {
        "type": "string",
        "expression": "optional",
        "defaultValue": "Totals",
        "order": 2,
        "parent": "header7",
        "ref": "totalsLabel",
        "label": "Totals Label"
      },
      {
        "type": "boolean",
        "expression": "optional",
        "defaultValue": true,
        "order": 3,
        "parent": "header7",
        "ref": "boldTotals",
        "label": "Bold Totals"
      },
      {
        "type": "boolean",
        "expression": "optional",
        "defaultValue": true,
        "order": 4,
        "parent": "header7",
        "ref": "showMoreDataButton",
        "label": "Show \"More data\" Button"
      },
      {
        "type": "string",
        "expression": "optional",
        "defaultValue": "More data ..",
        "order": 5,
        "parent": "header7",
        "ref": "moreDataButtonLabel",
        "label": "Button Label"
      },
      {
        "type": "boolean",
        "expression": "optional",
        "defaultValue": true,
        "order": 3,
        "parent": "header4",
        "ref": "title_font_weight",
        "label": "Font Weight"
      },
      {
        "type": "string",
        "expression": "optional",
        "defaultValue": "12px",
        "order": 4,
        "parent": "header4",
        "ref": "title_font_size",
        "label": "Font Size"
      },
      {
        "component": "dropdown",
        "type": "string",
        "defaultValue": "left",
        "options": [
          {
            "label": "Left",
            "value": "left"
          },
          {
            "label": "Right",
            "value": "right"
          },
          {
            "label": "Center",
            "value": "center"
          }
        ],
        "order": 6,
        "parent": "header4",
        "ref": "title_text_align",
        "label": "Title Allignment"
      },
      {
        "component": "dropdown",
        "type": "string",
        "defaultValue": "Times New Roman",
        "options": [
          {
            "label": "Calibri",
            "value": "calibri"
          },
          {
            "label": "Comic Sans MS",
            "value": "Comic Sans MS"
          },
          {
            "label": "Arial",
            "value": "Arial"
          },
          {
            "label": "Courier",
            "value": "Courier"
          },
          {
            "label": "Cursive",
            "value": "Cursive"
          },
          {
            "label": "Decorative",
            "value": "Decorative"
          },
          {
            "label": "Georgia",
            "value": "Georgia"
          },
          {
            "label": "Helvetica",
            "value": "Helvetica"
          },
          {
            "label": "Sans-serif",
            "value": "Sans-serif"
          },
          {
            "label": "Serif",
            "value": "Serif"
          },
          {
            "label": "Tahoma",
            "value": "Tahoma"
          },
          {
            "label": "Lucida Console",
            "value": "Lucida Console"
          },
          {
            "label": "Times New Roman",
            "value": "Times New Roman"
          },
          {
            "label": "Verdana",
            "value": "Verdana"
          },
          {
            "label": "Tahoma",
            "value": "Tahoma"
          },
          {
            "label": "Lucida Console",
            "value": "Lucida Console"
          }
        ],
        "order": 5,
        "parent": "header4",
        "ref": "title_font_family",
        "label": "Font Family"
      },
      {
        "type": "boolean",
        "expression": "optional",
        "defaultValue": true,
        "order": 4,
        "parent": "header5",
        "ref": "boldHeader",
        "label": "Bold Header"
      },
      {
        "type": "string",
        "expression": "optional",
        "defaultValue": "bold",
        "order": 4,
        "parent": "header6",
        "ref": "row_bold_font",
        "label": "Bold Font"
      }
    ],
    "measures": {
      "min": 0,
      "max": 12
    },
    "sorting": true,
    "dimensions": {
      "max": 12,
      "min": 1
    }
  },
  "dependencies": {}
}